question,link
"Slice all except first element, unless single element",https://stackoverflow.com/questions/69304992/slice-all-except-first-element-unless-single-element
Stuck making a decision tree with numerical values,https://stackoverflow.com/questions/69304991/stuck-making-a-decision-tree-with-numerical-values
Getting a key corresponding to a specific value in a dictionary in python,https://stackoverflow.com/questions/69304979/getting-a-key-corresponding-to-a-specific-value-in-a-dictionary-in-python
efficiently intersect volumes in python,https://stackoverflow.com/questions/69304973/efficiently-intersect-volumes-in-python
django.core.exceptions.FieldError: Unknown field(s) in ModelForm,https://stackoverflow.com/questions/69304958/django-core-exceptions-fielderror-unknown-fields-in-modelform
Can't deploy Python Django Flask app to Heroku?,https://stackoverflow.com/questions/69304909/cant-deploy-python-django-flask-app-to-heroku
I need to know the logic to solve this please anyone? [closed],https://stackoverflow.com/questions/69304885/i-need-to-know-the-logic-to-solve-this-please-anyone
How can i loop a portion of this python code?,https://stackoverflow.com/questions/69304874/how-can-i-loop-a-portion-of-this-python-code
the ValueError: cannot reindex a non-unique index with a method or limit appears for just cryptocurrency,https://stackoverflow.com/questions/69304871/the-valueerror-cannot-reindex-a-non-unique-index-with-a-method-or-limit-appears
Reliably detect that no more packets are coming,https://stackoverflow.com/questions/69304869/reliably-detect-that-no-more-packets-are-coming
I have Tried the following code and shows me the error [closed],https://stackoverflow.com/questions/69304837/i-have-tried-the-following-code-and-shows-me-the-error
"Loading a tensorflow.keras trained model using load_model returns JSON parse error, while untrained model loads okay",https://stackoverflow.com/questions/69304833/loading-a-tensorflow-keras-trained-model-using-load-model-returns-json-parse-err
How can I make a matrix print in a specific way in python?,https://stackoverflow.com/questions/69304813/how-can-i-make-a-matrix-print-in-a-specific-way-in-python
How to use previous values of a 'to be defined' value,https://stackoverflow.com/questions/69304804/how-to-use-previous-values-of-a-to-be-defined-value
Defining each list in a FOR loop in Python,https://stackoverflow.com/questions/69304803/defining-each-list-in-a-for-loop-in-python
How does masking masking approach works in pandas?,https://stackoverflow.com/questions/69304745/how-does-masking-masking-approach-works-in-pandas
Plotting Python Plotly ECDF subplots with marginal plots,https://stackoverflow.com/questions/69304682/plotting-python-plotly-ecdf-subplots-with-marginal-plots
Machine learning between two datasets,https://stackoverflow.com/questions/69304664/machine-learning-between-two-datasets
AttributeError: 'Ui_newWindow' object has no attribute 'lineEdit' [duplicate],https://stackoverflow.com/questions/69304649/attributeerror-ui-newwindow-object-has-no-attribute-lineedit
python FTP works in Linux but I get WinError 10060 in Windows - server is up,https://stackoverflow.com/questions/69304647/python-ftp-works-in-linux-but-i-get-winerror-10060-in-windows-server-is-up
Python is there a way to sort a list of lists by frequency of a specific element?,https://stackoverflow.com/questions/69304640/python-is-there-a-way-to-sort-a-list-of-lists-by-frequency-of-a-specific-element
Time series data preparation for LSTM classification,https://stackoverflow.com/questions/69304613/time-series-data-preparation-for-lstm-classification
Need help on a tkinter application,https://stackoverflow.com/questions/69304588/need-help-on-a-tkinter-application
Scraping Reviews from yelp always returns first page,https://stackoverflow.com/questions/69304553/scraping-reviews-from-yelp-always-returns-first-page
What do you call this type of class declaration? [duplicate],https://stackoverflow.com/questions/69304534/what-do-you-call-this-type-of-class-declaration
GeoPandas Dissolve is turning Multipolygon into Polygon and these are not stored in KML files,https://stackoverflow.com/questions/69304501/geopandas-dissolve-is-turning-multipolygon-into-polygon-and-these-are-not-stored
'from src.module import Class' vs 'from module import class' results in different value of __name__,https://stackoverflow.com/questions/69304469/from-src-module-import-class-vs-from-module-import-class-results-in-differen
How can I add loop in the python question with if and elif [closed],https://stackoverflow.com/questions/69304449/how-can-i-add-loop-in-the-python-question-with-if-and-elif
Regex Interpretation - group(),https://stackoverflow.com/questions/69304434/regex-interpretation-group
Remotely debugging Python/Kivy with graphical support in VS Code,https://stackoverflow.com/questions/69304429/remotely-debugging-python-kivy-with-graphical-support-in-vs-code
Distance Measurement with a HC-SR04 and PySimpleGUI,https://stackoverflow.com/questions/69304414/distance-measurement-with-a-hc-sr04-and-pysimplegui
Matches or near matches in two column using pandas,https://stackoverflow.com/questions/69304406/matches-or-near-matches-in-two-column-using-pandas
I'm beginner.please someone helps me to fix this oserror in python [closed],https://stackoverflow.com/questions/69304398/im-beginner-please-someone-helps-me-to-fix-this-oserror-in-python
Can't import imagegrab,https://stackoverflow.com/questions/69304326/cant-import-imagegrab
TypeError: string indices must be integers with sklearn version 0.24.2,https://stackoverflow.com/questions/69304311/typeerror-string-indices-must-be-integers-with-sklearn-version-0-24-2
voiceclient.play(discord.FFmpegPCMAudio) doesn't play any audio,https://stackoverflow.com/questions/69304305/voiceclient-playdiscord-ffmpegpcmaudio-doesnt-play-any-audio
sprite rectangles in pygame [duplicate],https://stackoverflow.com/questions/69304302/sprite-rectangles-in-pygame
Handwritten character recognition with Gabor Filter and SVM with PCA,https://stackoverflow.com/questions/69304268/handwritten-character-recognition-with-gabor-filter-and-svm-with-pca
How to create a route with python and flask based on user input?,https://stackoverflow.com/questions/69304253/how-to-create-a-route-with-python-and-flask-based-on-user-input
How can I divide 300 numbers into chunks and check the individual chunks of 3 with comparison operators so that I can express yes or no at the end? [closed],https://stackoverflow.com/questions/69304202/how-can-i-divide-300-numbers-into-chunks-and-check-the-individual-chunks-of-3-wi
algorithm:finding a shortest path through multiple point,https://stackoverflow.com/questions/69304201/algorithmfinding-a-shortest-path-through-multiple-point
Compare json files,https://stackoverflow.com/questions/69304198/compare-json-files
Finding labels together with ids in html tags using Python,https://stackoverflow.com/questions/69304179/finding-labels-together-with-ids-in-html-tags-using-python
"Slice all except first element, unless single element",https://stackoverflow.com/questions/69304992/slice-all-except-first-element-unless-single-element
Stuck making a decision tree with numerical values,https://stackoverflow.com/questions/69304991/stuck-making-a-decision-tree-with-numerical-values
Getting a key corresponding to a specific value in a dictionary in python,https://stackoverflow.com/questions/69304979/getting-a-key-corresponding-to-a-specific-value-in-a-dictionary-in-python
efficiently intersect volumes in python,https://stackoverflow.com/questions/69304973/efficiently-intersect-volumes-in-python
django.core.exceptions.FieldError: Unknown field(s) in ModelForm,https://stackoverflow.com/questions/69304958/django-core-exceptions-fielderror-unknown-fields-in-modelform
Can't deploy Python Django Flask app to Heroku?,https://stackoverflow.com/questions/69304909/cant-deploy-python-django-flask-app-to-heroku
I need to know the logic to solve this please anyone? [closed],https://stackoverflow.com/questions/69304885/i-need-to-know-the-logic-to-solve-this-please-anyone
How can i loop a portion of this python code?,https://stackoverflow.com/questions/69304874/how-can-i-loop-a-portion-of-this-python-code
the ValueError: cannot reindex a non-unique index with a method or limit appears for just cryptocurrency,https://stackoverflow.com/questions/69304871/the-valueerror-cannot-reindex-a-non-unique-index-with-a-method-or-limit-appears
Reliably detect that no more packets are coming,https://stackoverflow.com/questions/69304869/reliably-detect-that-no-more-packets-are-coming
I have Tried the following code and shows me the error [closed],https://stackoverflow.com/questions/69304837/i-have-tried-the-following-code-and-shows-me-the-error
"Loading a tensorflow.keras trained model using load_model returns JSON parse error, while untrained model loads okay",https://stackoverflow.com/questions/69304833/loading-a-tensorflow-keras-trained-model-using-load-model-returns-json-parse-err
How can I make a matrix print in a specific way in python?,https://stackoverflow.com/questions/69304813/how-can-i-make-a-matrix-print-in-a-specific-way-in-python
How to use previous values of a 'to be defined' value,https://stackoverflow.com/questions/69304804/how-to-use-previous-values-of-a-to-be-defined-value
Defining each list in a FOR loop in Python,https://stackoverflow.com/questions/69304803/defining-each-list-in-a-for-loop-in-python
How does masking masking approach works in pandas?,https://stackoverflow.com/questions/69304745/how-does-masking-masking-approach-works-in-pandas
Plotting Python Plotly ECDF subplots with marginal plots,https://stackoverflow.com/questions/69304682/plotting-python-plotly-ecdf-subplots-with-marginal-plots
Machine learning between two datasets,https://stackoverflow.com/questions/69304664/machine-learning-between-two-datasets
AttributeError: 'Ui_newWindow' object has no attribute 'lineEdit' [duplicate],https://stackoverflow.com/questions/69304649/attributeerror-ui-newwindow-object-has-no-attribute-lineedit
python FTP works in Linux but I get WinError 10060 in Windows - server is up,https://stackoverflow.com/questions/69304647/python-ftp-works-in-linux-but-i-get-winerror-10060-in-windows-server-is-up
Python is there a way to sort a list of lists by frequency of a specific element?,https://stackoverflow.com/questions/69304640/python-is-there-a-way-to-sort-a-list-of-lists-by-frequency-of-a-specific-element
Time series data preparation for LSTM classification,https://stackoverflow.com/questions/69304613/time-series-data-preparation-for-lstm-classification
Need help on a tkinter application,https://stackoverflow.com/questions/69304588/need-help-on-a-tkinter-application
Scraping Reviews from yelp always returns first page,https://stackoverflow.com/questions/69304553/scraping-reviews-from-yelp-always-returns-first-page
What do you call this type of class declaration? [duplicate],https://stackoverflow.com/questions/69304534/what-do-you-call-this-type-of-class-declaration
GeoPandas Dissolve is turning Multipolygon into Polygon and these are not stored in KML files,https://stackoverflow.com/questions/69304501/geopandas-dissolve-is-turning-multipolygon-into-polygon-and-these-are-not-stored
'from src.module import Class' vs 'from module import class' results in different value of __name__,https://stackoverflow.com/questions/69304469/from-src-module-import-class-vs-from-module-import-class-results-in-differen
How can I add loop in the python question with if and elif [closed],https://stackoverflow.com/questions/69304449/how-can-i-add-loop-in-the-python-question-with-if-and-elif
Regex Interpretation - group(),https://stackoverflow.com/questions/69304434/regex-interpretation-group
Remotely debugging Python/Kivy with graphical support in VS Code,https://stackoverflow.com/questions/69304429/remotely-debugging-python-kivy-with-graphical-support-in-vs-code
Distance Measurement with a HC-SR04 and PySimpleGUI,https://stackoverflow.com/questions/69304414/distance-measurement-with-a-hc-sr04-and-pysimplegui
Matches or near matches in two column using pandas,https://stackoverflow.com/questions/69304406/matches-or-near-matches-in-two-column-using-pandas
I'm beginner.please someone helps me to fix this oserror in python [closed],https://stackoverflow.com/questions/69304398/im-beginner-please-someone-helps-me-to-fix-this-oserror-in-python
Can't import imagegrab,https://stackoverflow.com/questions/69304326/cant-import-imagegrab
TypeError: string indices must be integers with sklearn version 0.24.2,https://stackoverflow.com/questions/69304311/typeerror-string-indices-must-be-integers-with-sklearn-version-0-24-2
voiceclient.play(discord.FFmpegPCMAudio) doesn't play any audio,https://stackoverflow.com/questions/69304305/voiceclient-playdiscord-ffmpegpcmaudio-doesnt-play-any-audio
sprite rectangles in pygame [duplicate],https://stackoverflow.com/questions/69304302/sprite-rectangles-in-pygame
For loop is stopping,https://stackoverflow.com/questions/69304257/for-loop-is-stopping
How to create a route with python and flask based on user input?,https://stackoverflow.com/questions/69304253/how-to-create-a-route-with-python-and-flask-based-on-user-input
How can I divide 300 numbers into chunks and check the individual chunks of 3 with comparison operators so that I can express yes or no at the end? [closed],https://stackoverflow.com/questions/69304202/how-can-i-divide-300-numbers-into-chunks-and-check-the-individual-chunks-of-3-wi
algorithm:finding a shortest path through multiple point,https://stackoverflow.com/questions/69304201/algorithmfinding-a-shortest-path-through-multiple-point
Compare json files,https://stackoverflow.com/questions/69304198/compare-json-files
Finding labels together with ids in html tags using Python,https://stackoverflow.com/questions/69304179/finding-labels-together-with-ids-in-html-tags-using-python
How to append value to list in a row based on another column python?,https://stackoverflow.com/questions/69305012/how-to-append-value-to-list-in-a-row-based-on-another-column-python
How to pass a javascript variable inside a url get in Django,https://stackoverflow.com/questions/69305010/how-to-pass-a-javascript-variable-inside-a-url-get-in-django
Filling values into mutiple dictionaries via for loop,https://stackoverflow.com/questions/69305009/filling-values-into-mutiple-dictionaries-via-for-loop
Binary Search on a character of type '/',https://stackoverflow.com/questions/69305008/binary-search-on-a-character-of-type
Convolution layer dimension mismatch issue,https://stackoverflow.com/questions/69305003/convolution-layer-dimension-mismatch-issue
"Slice all except first element, unless single element",https://stackoverflow.com/questions/69304992/slice-all-except-first-element-unless-single-element
Stuck making a decision tree with numerical values,https://stackoverflow.com/questions/69304991/stuck-making-a-decision-tree-with-numerical-values
Getting a key corresponding to a specific value in a dictionary in python,https://stackoverflow.com/questions/69304979/getting-a-key-corresponding-to-a-specific-value-in-a-dictionary-in-python
efficiently intersect volumes in python,https://stackoverflow.com/questions/69304973/efficiently-intersect-volumes-in-python
django.core.exceptions.FieldError: Unknown field(s) in ModelForm,https://stackoverflow.com/questions/69304958/django-core-exceptions-fielderror-unknown-fields-in-modelform
Can't deploy Python Django Flask app to Heroku?,https://stackoverflow.com/questions/69304909/cant-deploy-python-django-flask-app-to-heroku
I need to know the logic to solve this please anyone? [closed],https://stackoverflow.com/questions/69304885/i-need-to-know-the-logic-to-solve-this-please-anyone
How can i loop a portion of this python code?,https://stackoverflow.com/questions/69304874/how-can-i-loop-a-portion-of-this-python-code
the ValueError: cannot reindex a non-unique index with a method or limit appears for just cryptocurrency,https://stackoverflow.com/questions/69304871/the-valueerror-cannot-reindex-a-non-unique-index-with-a-method-or-limit-appears
Reliably detect that no more packets are coming,https://stackoverflow.com/questions/69304869/reliably-detect-that-no-more-packets-are-coming
I have Tried the following code and shows me the error [closed],https://stackoverflow.com/questions/69304837/i-have-tried-the-following-code-and-shows-me-the-error
"Loading a tensorflow.keras trained model using load_model returns JSON parse error, while untrained model loads okay",https://stackoverflow.com/questions/69304833/loading-a-tensorflow-keras-trained-model-using-load-model-returns-json-parse-err
How can I make a matrix print in a specific way in python?,https://stackoverflow.com/questions/69304813/how-can-i-make-a-matrix-print-in-a-specific-way-in-python
How to use previous values of a 'to be defined' value,https://stackoverflow.com/questions/69304804/how-to-use-previous-values-of-a-to-be-defined-value
Defining each list in a FOR loop in Python,https://stackoverflow.com/questions/69304803/defining-each-list-in-a-for-loop-in-python
How does masking masking approach works in pandas?,https://stackoverflow.com/questions/69304745/how-does-masking-masking-approach-works-in-pandas
Plotting Python Plotly ECDF subplots with marginal plots,https://stackoverflow.com/questions/69304682/plotting-python-plotly-ecdf-subplots-with-marginal-plots
Machine learning between two datasets,https://stackoverflow.com/questions/69304664/machine-learning-between-two-datasets
AttributeError: 'Ui_newWindow' object has no attribute 'lineEdit' [duplicate],https://stackoverflow.com/questions/69304649/attributeerror-ui-newwindow-object-has-no-attribute-lineedit
python FTP works in Linux but I get WinError 10060 in Windows - server is up,https://stackoverflow.com/questions/69304647/python-ftp-works-in-linux-but-i-get-winerror-10060-in-windows-server-is-up
Python is there a way to sort a list of lists by frequency of a specific element?,https://stackoverflow.com/questions/69304640/python-is-there-a-way-to-sort-a-list-of-lists-by-frequency-of-a-specific-element
Time series data preparation for LSTM classification,https://stackoverflow.com/questions/69304613/time-series-data-preparation-for-lstm-classification
Need help on a tkinter application,https://stackoverflow.com/questions/69304588/need-help-on-a-tkinter-application
Scraping Reviews from yelp always returns first page,https://stackoverflow.com/questions/69304553/scraping-reviews-from-yelp-always-returns-first-page
What do you call this type of class declaration? [duplicate],https://stackoverflow.com/questions/69304534/what-do-you-call-this-type-of-class-declaration
GeoPandas Dissolve is turning Multipolygon into Polygon and these are not stored in KML files,https://stackoverflow.com/questions/69304501/geopandas-dissolve-is-turning-multipolygon-into-polygon-and-these-are-not-stored
'from src.module import Class' vs 'from module import class' results in different value of __name__,https://stackoverflow.com/questions/69304469/from-src-module-import-class-vs-from-module-import-class-results-in-differen
How can I add loop in the python question with if and elif [closed],https://stackoverflow.com/questions/69304449/how-can-i-add-loop-in-the-python-question-with-if-and-elif
Regex Interpretation - group(),https://stackoverflow.com/questions/69304434/regex-interpretation-group
Remotely debugging Python/Kivy with graphical support in VS Code,https://stackoverflow.com/questions/69304429/remotely-debugging-python-kivy-with-graphical-support-in-vs-code
Distance Measurement with a HC-SR04 and PySimpleGUI,https://stackoverflow.com/questions/69304414/distance-measurement-with-a-hc-sr04-and-pysimplegui
Matches or near matches in two column using pandas,https://stackoverflow.com/questions/69304406/matches-or-near-matches-in-two-column-using-pandas
I'm beginner.please someone helps me to fix this oserror in python [closed],https://stackoverflow.com/questions/69304398/im-beginner-please-someone-helps-me-to-fix-this-oserror-in-python
Can't import imagegrab,https://stackoverflow.com/questions/69304326/cant-import-imagegrab
TypeError: string indices must be integers with sklearn version 0.24.2,https://stackoverflow.com/questions/69304311/typeerror-string-indices-must-be-integers-with-sklearn-version-0-24-2
voiceclient.play(discord.FFmpegPCMAudio) doesn't play any audio,https://stackoverflow.com/questions/69304305/voiceclient-playdiscord-ffmpegpcmaudio-doesnt-play-any-audio
sprite rectangles in pygame [duplicate],https://stackoverflow.com/questions/69304302/sprite-rectangles-in-pygame
Handwritten character recognition with Gabor Filter and SVM with PCA,https://stackoverflow.com/questions/69304268/handwritten-character-recognition-with-gabor-filter-and-svm-with-pca
How to create a route with python and flask based on user input?,https://stackoverflow.com/questions/69304253/how-to-create-a-route-with-python-and-flask-based-on-user-input
How can I divide 300 numbers into chunks and check the individual chunks of 3 with comparison operators so that I can express yes or no at the end? [closed],https://stackoverflow.com/questions/69304202/how-can-i-divide-300-numbers-into-chunks-and-check-the-individual-chunks-of-3-wi
algorithm:finding a shortest path through multiple point,https://stackoverflow.com/questions/69304201/algorithmfinding-a-shortest-path-through-multiple-point
Compare json files,https://stackoverflow.com/questions/69304198/compare-json-files
How to append value to list in a row based on another column python?,https://stackoverflow.com/questions/69305012/how-to-append-value-to-list-in-a-row-based-on-another-column-python
How to pass a javascript variable inside a url get in Django,https://stackoverflow.com/questions/69305010/how-to-pass-a-javascript-variable-inside-a-url-get-in-django
Filling values into mutiple dictionaries via for loop,https://stackoverflow.com/questions/69305009/filling-values-into-mutiple-dictionaries-via-for-loop
Binary Search on a character of type '/',https://stackoverflow.com/questions/69305008/binary-search-on-a-character-of-type
Convolution layer dimension mismatch issue,https://stackoverflow.com/questions/69305003/convolution-layer-dimension-mismatch-issue
"Slice all except first element, unless single element",https://stackoverflow.com/questions/69304992/slice-all-except-first-element-unless-single-element
Stuck making a decision tree with numerical values,https://stackoverflow.com/questions/69304991/stuck-making-a-decision-tree-with-numerical-values
Getting a key corresponding to a specific value in a dictionary in python,https://stackoverflow.com/questions/69304979/getting-a-key-corresponding-to-a-specific-value-in-a-dictionary-in-python
efficiently intersect volumes in python,https://stackoverflow.com/questions/69304973/efficiently-intersect-volumes-in-python
django.core.exceptions.FieldError: Unknown field(s) in ModelForm,https://stackoverflow.com/questions/69304958/django-core-exceptions-fielderror-unknown-fields-in-modelform
Can't deploy Python Django Flask app to Heroku?,https://stackoverflow.com/questions/69304909/cant-deploy-python-django-flask-app-to-heroku
I need to know the logic to solve this please anyone? [closed],https://stackoverflow.com/questions/69304885/i-need-to-know-the-logic-to-solve-this-please-anyone
How can i loop a portion of this python code?,https://stackoverflow.com/questions/69304874/how-can-i-loop-a-portion-of-this-python-code
the ValueError: cannot reindex a non-unique index with a method or limit appears for just cryptocurrency,https://stackoverflow.com/questions/69304871/the-valueerror-cannot-reindex-a-non-unique-index-with-a-method-or-limit-appears
Reliably detect that no more packets are coming,https://stackoverflow.com/questions/69304869/reliably-detect-that-no-more-packets-are-coming
I have Tried the following code and shows me the error [closed],https://stackoverflow.com/questions/69304837/i-have-tried-the-following-code-and-shows-me-the-error
"Loading a tensorflow.keras trained model using load_model returns JSON parse error, while untrained model loads okay",https://stackoverflow.com/questions/69304833/loading-a-tensorflow-keras-trained-model-using-load-model-returns-json-parse-err
How can I make a matrix print in a specific way in python?,https://stackoverflow.com/questions/69304813/how-can-i-make-a-matrix-print-in-a-specific-way-in-python
How to use previous values of a 'to be defined' value,https://stackoverflow.com/questions/69304804/how-to-use-previous-values-of-a-to-be-defined-value
Defining each list in a FOR loop in Python,https://stackoverflow.com/questions/69304803/defining-each-list-in-a-for-loop-in-python
How does masking masking approach works in pandas?,https://stackoverflow.com/questions/69304745/how-does-masking-masking-approach-works-in-pandas
Plotting Python Plotly ECDF subplots with marginal plots,https://stackoverflow.com/questions/69304682/plotting-python-plotly-ecdf-subplots-with-marginal-plots
Machine learning between two datasets,https://stackoverflow.com/questions/69304664/machine-learning-between-two-datasets
AttributeError: 'Ui_newWindow' object has no attribute 'lineEdit' [duplicate],https://stackoverflow.com/questions/69304649/attributeerror-ui-newwindow-object-has-no-attribute-lineedit
python FTP works in Linux but I get WinError 10060 in Windows - server is up,https://stackoverflow.com/questions/69304647/python-ftp-works-in-linux-but-i-get-winerror-10060-in-windows-server-is-up
Python is there a way to sort a list of lists by frequency of a specific element?,https://stackoverflow.com/questions/69304640/python-is-there-a-way-to-sort-a-list-of-lists-by-frequency-of-a-specific-element
Time series data preparation for LSTM classification,https://stackoverflow.com/questions/69304613/time-series-data-preparation-for-lstm-classification
Need help on a tkinter application,https://stackoverflow.com/questions/69304588/need-help-on-a-tkinter-application
Scraping Reviews from yelp always returns first page,https://stackoverflow.com/questions/69304553/scraping-reviews-from-yelp-always-returns-first-page
What do you call this type of class declaration? [duplicate],https://stackoverflow.com/questions/69304534/what-do-you-call-this-type-of-class-declaration
GeoPandas Dissolve is turning Multipolygon into Polygon and these are not stored in KML files,https://stackoverflow.com/questions/69304501/geopandas-dissolve-is-turning-multipolygon-into-polygon-and-these-are-not-stored
'from src.module import Class' vs 'from module import class' results in different value of __name__,https://stackoverflow.com/questions/69304469/from-src-module-import-class-vs-from-module-import-class-results-in-differen
How can I add loop in the python question with if and elif [closed],https://stackoverflow.com/questions/69304449/how-can-i-add-loop-in-the-python-question-with-if-and-elif
Regex Interpretation - group(),https://stackoverflow.com/questions/69304434/regex-interpretation-group
Remotely debugging Python/Kivy with graphical support in VS Code,https://stackoverflow.com/questions/69304429/remotely-debugging-python-kivy-with-graphical-support-in-vs-code
Distance Measurement with a HC-SR04 and PySimpleGUI,https://stackoverflow.com/questions/69304414/distance-measurement-with-a-hc-sr04-and-pysimplegui
Matches or near matches in two column using pandas,https://stackoverflow.com/questions/69304406/matches-or-near-matches-in-two-column-using-pandas
I'm beginner.please someone helps me to fix this oserror in python [closed],https://stackoverflow.com/questions/69304398/im-beginner-please-someone-helps-me-to-fix-this-oserror-in-python
Can't import imagegrab,https://stackoverflow.com/questions/69304326/cant-import-imagegrab
TypeError: string indices must be integers with sklearn version 0.24.2,https://stackoverflow.com/questions/69304311/typeerror-string-indices-must-be-integers-with-sklearn-version-0-24-2
voiceclient.play(discord.FFmpegPCMAudio) doesn't play any audio,https://stackoverflow.com/questions/69304305/voiceclient-playdiscord-ffmpegpcmaudio-doesnt-play-any-audio
sprite rectangles in pygame [duplicate],https://stackoverflow.com/questions/69304302/sprite-rectangles-in-pygame
Handwritten character recognition with Gabor Filter and SVM with PCA,https://stackoverflow.com/questions/69304268/handwritten-character-recognition-with-gabor-filter-and-svm-with-pca
How to create a route with python and flask based on user input?,https://stackoverflow.com/questions/69304253/how-to-create-a-route-with-python-and-flask-based-on-user-input
How can I divide 300 numbers into chunks and check the individual chunks of 3 with comparison operators so that I can express yes or no at the end? [closed],https://stackoverflow.com/questions/69304202/how-can-i-divide-300-numbers-into-chunks-and-check-the-individual-chunks-of-3-wi
algorithm:finding a shortest path through multiple point,https://stackoverflow.com/questions/69304201/algorithmfinding-a-shortest-path-through-multiple-point
Compare json files,https://stackoverflow.com/questions/69304198/compare-json-files
How to append value to list in a row based on another column python?,https://stackoverflow.com/questions/69305012/how-to-append-value-to-list-in-a-row-based-on-another-column-python
How to pass a javascript variable inside a url get in Django,https://stackoverflow.com/questions/69305010/how-to-pass-a-javascript-variable-inside-a-url-get-in-django
Filling values into mutiple dictionaries via for loop,https://stackoverflow.com/questions/69305009/filling-values-into-mutiple-dictionaries-via-for-loop
Binary Search on a character of type '/',https://stackoverflow.com/questions/69305008/binary-search-on-a-character-of-type
Convolution layer dimension mismatch issue,https://stackoverflow.com/questions/69305003/convolution-layer-dimension-mismatch-issue
"Slice all except first element, unless single element",https://stackoverflow.com/questions/69304992/slice-all-except-first-element-unless-single-element
Stuck making a decision tree with numerical values,https://stackoverflow.com/questions/69304991/stuck-making-a-decision-tree-with-numerical-values
Getting a key corresponding to a specific value in a dictionary in python,https://stackoverflow.com/questions/69304979/getting-a-key-corresponding-to-a-specific-value-in-a-dictionary-in-python
efficiently intersect volumes in python,https://stackoverflow.com/questions/69304973/efficiently-intersect-volumes-in-python
django.core.exceptions.FieldError: Unknown field(s) in ModelForm,https://stackoverflow.com/questions/69304958/django-core-exceptions-fielderror-unknown-fields-in-modelform
Can't deploy Python Django Flask app to Heroku?,https://stackoverflow.com/questions/69304909/cant-deploy-python-django-flask-app-to-heroku
I need to know the logic to solve this please anyone? [closed],https://stackoverflow.com/questions/69304885/i-need-to-know-the-logic-to-solve-this-please-anyone
How can i loop a portion of this python code?,https://stackoverflow.com/questions/69304874/how-can-i-loop-a-portion-of-this-python-code
the ValueError: cannot reindex a non-unique index with a method or limit appears for just cryptocurrency,https://stackoverflow.com/questions/69304871/the-valueerror-cannot-reindex-a-non-unique-index-with-a-method-or-limit-appears
Reliably detect that no more packets are coming,https://stackoverflow.com/questions/69304869/reliably-detect-that-no-more-packets-are-coming
I have Tried the following code and shows me the error [closed],https://stackoverflow.com/questions/69304837/i-have-tried-the-following-code-and-shows-me-the-error
"Loading a tensorflow.keras trained model using load_model returns JSON parse error, while untrained model loads okay",https://stackoverflow.com/questions/69304833/loading-a-tensorflow-keras-trained-model-using-load-model-returns-json-parse-err
How can I make a matrix print in a specific way in python?,https://stackoverflow.com/questions/69304813/how-can-i-make-a-matrix-print-in-a-specific-way-in-python
How to use previous values of a 'to be defined' value,https://stackoverflow.com/questions/69304804/how-to-use-previous-values-of-a-to-be-defined-value
Defining each list in a FOR loop in Python,https://stackoverflow.com/questions/69304803/defining-each-list-in-a-for-loop-in-python
How does masking masking approach works in pandas?,https://stackoverflow.com/questions/69304745/how-does-masking-masking-approach-works-in-pandas
Plotting Python Plotly ECDF subplots with marginal plots,https://stackoverflow.com/questions/69304682/plotting-python-plotly-ecdf-subplots-with-marginal-plots
Machine learning between two datasets,https://stackoverflow.com/questions/69304664/machine-learning-between-two-datasets
AttributeError: 'Ui_newWindow' object has no attribute 'lineEdit' [duplicate],https://stackoverflow.com/questions/69304649/attributeerror-ui-newwindow-object-has-no-attribute-lineedit
python FTP works in Linux but I get WinError 10060 in Windows - server is up,https://stackoverflow.com/questions/69304647/python-ftp-works-in-linux-but-i-get-winerror-10060-in-windows-server-is-up
Python is there a way to sort a list of lists by frequency of a specific element?,https://stackoverflow.com/questions/69304640/python-is-there-a-way-to-sort-a-list-of-lists-by-frequency-of-a-specific-element
Time series data preparation for LSTM classification,https://stackoverflow.com/questions/69304613/time-series-data-preparation-for-lstm-classification
Need help on a tkinter application,https://stackoverflow.com/questions/69304588/need-help-on-a-tkinter-application
Scraping Reviews from yelp always returns first page,https://stackoverflow.com/questions/69304553/scraping-reviews-from-yelp-always-returns-first-page
What do you call this type of class declaration? [duplicate],https://stackoverflow.com/questions/69304534/what-do-you-call-this-type-of-class-declaration
GeoPandas Dissolve is turning Multipolygon into Polygon and these are not stored in KML files,https://stackoverflow.com/questions/69304501/geopandas-dissolve-is-turning-multipolygon-into-polygon-and-these-are-not-stored
'from src.module import Class' vs 'from module import class' results in different value of __name__,https://stackoverflow.com/questions/69304469/from-src-module-import-class-vs-from-module-import-class-results-in-differen
How can I add loop in the python question with if and elif [closed],https://stackoverflow.com/questions/69304449/how-can-i-add-loop-in-the-python-question-with-if-and-elif
Regex Interpretation - group(),https://stackoverflow.com/questions/69304434/regex-interpretation-group
Remotely debugging Python/Kivy with graphical support in VS Code,https://stackoverflow.com/questions/69304429/remotely-debugging-python-kivy-with-graphical-support-in-vs-code
Distance Measurement with a HC-SR04 and PySimpleGUI,https://stackoverflow.com/questions/69304414/distance-measurement-with-a-hc-sr04-and-pysimplegui
Matches or near matches in two column using pandas,https://stackoverflow.com/questions/69304406/matches-or-near-matches-in-two-column-using-pandas
I'm beginner.please someone helps me to fix this oserror in python [closed],https://stackoverflow.com/questions/69304398/im-beginner-please-someone-helps-me-to-fix-this-oserror-in-python
Can't import imagegrab,https://stackoverflow.com/questions/69304326/cant-import-imagegrab
TypeError: string indices must be integers with sklearn version 0.24.2,https://stackoverflow.com/questions/69304311/typeerror-string-indices-must-be-integers-with-sklearn-version-0-24-2
voiceclient.play(discord.FFmpegPCMAudio) doesn't play any audio,https://stackoverflow.com/questions/69304305/voiceclient-playdiscord-ffmpegpcmaudio-doesnt-play-any-audio
sprite rectangles in pygame [duplicate],https://stackoverflow.com/questions/69304302/sprite-rectangles-in-pygame
Handwritten character recognition with Gabor Filter and SVM with PCA,https://stackoverflow.com/questions/69304268/handwritten-character-recognition-with-gabor-filter-and-svm-with-pca
How to create a route with python and flask based on user input?,https://stackoverflow.com/questions/69304253/how-to-create-a-route-with-python-and-flask-based-on-user-input
How can I divide 300 numbers into chunks and check the individual chunks of 3 with comparison operators so that I can express yes or no at the end? [closed],https://stackoverflow.com/questions/69304202/how-can-i-divide-300-numbers-into-chunks-and-check-the-individual-chunks-of-3-wi
algorithm:finding a shortest path through multiple point,https://stackoverflow.com/questions/69304201/algorithmfinding-a-shortest-path-through-multiple-point
Compare json files,https://stackoverflow.com/questions/69304198/compare-json-files
Could not find repos without @EnableJpaRepositories in a proper package structur,https://stackoverflow.com/questions/69304948/could-not-find-repos-without-enablejparepositories-in-a-proper-package-structur
Adding multiple markers to google maps API from volley repose in android Java,https://stackoverflow.com/questions/69304920/adding-multiple-markers-to-google-maps-api-from-volley-repose-in-android-java
error uploading image using multipart retrofit,https://stackoverflow.com/questions/69304896/error-uploading-image-using-multipart-retrofit
I need to know the logic to solve this please anyone? [closed],https://stackoverflow.com/questions/69304885/i-need-to-know-the-logic-to-solve-this-please-anyone
How do I add a help button to my JOptionPane in Java?,https://stackoverflow.com/questions/69304861/how-do-i-add-a-help-button-to-my-joptionpane-in-java
When I increase sourceCompatibility in build.gradle to 1_9(1_8 by default) I lose my databinding package,https://stackoverflow.com/questions/69304797/when-i-increase-sourcecompatibility-in-build-gradle-to-1-91-8-by-default-i-los
Extract data from C to PHP [closed],https://stackoverflow.com/questions/69304796/extract-data-from-c-to-php
Traversing folder/sub-folder to read file type in a network drive,https://stackoverflow.com/questions/69304683/traversing-folder-sub-folder-to-read-file-type-in-a-network-drive
How can I hide the file path in the terminal window in vs code?,https://stackoverflow.com/questions/69304676/how-can-i-hide-the-file-path-in-the-terminal-window-in-vs-code
How can i create this queue in java?,https://stackoverflow.com/questions/69304645/how-can-i-create-this-queue-in-java
Keep a ball bouncing within the parameters of the window Java/Processing,https://stackoverflow.com/questions/69304637/keep-a-ball-bouncing-within-the-parameters-of-the-window-java-processing
Failed to find any ModelLoaders registered for model class: class java.util.ArrayList,https://stackoverflow.com/questions/69304631/failed-to-find-any-modelloaders-registered-for-model-class-class-java-util-arra
i still didnot get the answer android.view.WindowManager$BadTokenException iam getting this error on google play crash reports,https://stackoverflow.com/questions/69304609/i-still-didnot-get-the-answer-android-view-windowmanagerbadtokenexception-iam-g
How to return String as HTML using Java,https://stackoverflow.com/questions/69304489/how-to-return-string-as-html-using-java
Hibernate OneToMany via JoinTable not deleting inverse table records,https://stackoverflow.com/questions/69304390/hibernate-onetomany-via-jointable-not-deleting-inverse-table-records
AtlasMap.io JSON to JSON conversion performance - is it fast or is it slow?,https://stackoverflow.com/questions/69304386/atlasmap-io-json-to-json-conversion-performance-is-it-fast-or-is-it-slow
Dynamically add checkboxes to a listview,https://stackoverflow.com/questions/69304358/dynamically-add-checkboxes-to-a-listview
PersistenceException: [PersistenceUnit: default] Unable to build Hibernate SessionFactory,https://stackoverflow.com/questions/69304333/persistenceexception-persistenceunit-default-unable-to-build-hibernate-sessi
port out of range:-1 :Failed to stop service 'com.android.build.gradle.internal.SdkComponentsBuildService,https://stackoverflow.com/questions/69304279/port-out-of-range-1-failed-to-stop-service-com-android-build-gradle-internal
How can I divide 300 numbers into chunks and check the individual chunks of 3 with comparison operators so that I can express yes or no at the end? [closed],https://stackoverflow.com/questions/69304202/how-can-i-divide-300-numbers-into-chunks-and-check-the-individual-chunks-of-3-wi
